"subnet","channelId","messageId","up","down","total","status","messageUrl"
"𝛼・apex・1","1161764867166961704","1508074699589025964","17","0","17","ok","https://discord.com/channels/799672011265015819/1161764867166961704/1508074699589025964"
"β・dsperse・2","1220504695404236800","1508074692500656269","7","0","7","ok","https://discord.com/channels/799672011265015819/1220504695404236800/1508074692500656269"
"γ・τeuτonic・3","1493243812263362660","1508074686745935962","30","2","32","ok","https://discord.com/channels/799672011265015819/1493243812263362660/1508074686745935962"
"∆・τargon・4","1161765008347254915","1508074680244895824","13","0","13","ok","https://discord.com/channels/799672011265015819/1161765008347254915/1508074680244895824"
"ε・hone・5","1368959417936252998","1508074674385321984","5","5","10","ok","https://discord.com/channels/799672011265015819/1368959417936252998/1508074674385321984"
"ζ・numinous・6","1209554949449457705","1508074669998342296","4","10","14","ok","https://discord.com/channels/799672011265015819/1209554949449457705/1508074669998342296"
"η・allways・7","1437494877578330174","1508074664516255905","11","4","15","ok","https://discord.com/channels/799672011265015819/1437494877578330174/1508074664516255905"
"θ・vanta・8","1162384774170677318","1508074659017658479","3","10","13","ok","https://discord.com/channels/799672011265015819/1162384774170677318/1508074659017658479"
"ι・ioτa・9","1162768567821930597","1508074652096790759","15","3","18","ok","https://discord.com/channels/799672011265015819/1162768567821930597/1508074652096790759"
"κ・unclaimed・10","1466140393199636692","1508074646887731273","0","3","3","ok","https://discord.com/channels/799672011265015819/1466140393199636692/1508074646887731273"
"λ・trajectory-rl・11","1466120711033590034","1508074641804234852","27","2","29","ok","https://discord.com/channels/799672011265015819/1466120711033590034/1508074641804234852"
"µ・horde・12","1201941624243109888","1508074634208215151","0","3","3","ok","https://discord.com/channels/799672011265015819/1201941624243109888/1508074634208215151"
"ν・daτaverse・13","1185617142914236518","1508074631289110558","10","2","12","ok","https://discord.com/channels/799672011265015819/1185617142914236518/1508074631289110558"
"ㄷ・cacheon・14","1503393871172866098","1508074630181683413","12","0","12","ok","https://discord.com/channels/799672011265015819/1503393871172866098/1508074630181683413"
"ο・oro・15","1466080859164643389","1508074617590251640","23","2","25","ok","https://discord.com/channels/799672011265015819/1466080859164643389/1508074617590251640"
"π・biτads・16","1437905570219950170","1508074610791415831","1","1","2","ok","https://discord.com/channels/799672011265015819/1437905570219950170/1508074610791415831"
"ρ・404—gen・17","1179081290289528864","1508074603883266170","4","3","7","ok","https://discord.com/channels/799672011265015819/1179081290289528864/1508074603883266170"
"σ・zeus・18","1335971614516576296","1508074598376411287","0","4","4","ok","https://discord.com/channels/799672011265015819/1335971614516576296/1508074598376411287"
"τ・blockmachine・19","1414687189752746167","1508074582001844285","8","0","8","ok","https://discord.com/channels/799672011265015819/1414687189752746167/1508074582001844285"
"υ・groundlayer・20","1475925616996909269","1508074587324420308","1","4","5","ok","https://discord.com/channels/799672011265015819/1475925616996909269/1508074587324420308"
"φ・adτao・21","1489651673944297472","1508074575601209535","5","4","9","ok","https://discord.com/channels/799672011265015819/1489651673944297472/1508074575601209535"
"χ・desearch・22","1189589759065067580","1508074569129398433","7","2","9","ok","https://discord.com/channels/799672011265015819/1189589759065067580/1508074569129398433"
"ψ・trishool・23","1437447445176127618","1508074563614019685","8","6","14","ok","https://discord.com/channels/799672011265015819/1437447445176127618/1508074563614019685"
"ω・quasar・24","1453112474692751532","1508074557552984175","29","4","33","ok","https://discord.com/channels/799672011265015819/1453112474692751532/1508074557552984175"
"א・mainframe・25","1234881153832321024","1508074548841681047","1","9","10","ok","https://discord.com/channels/799672011265015819/1234881153832321024/1508074548841681047"
"ב・perτurb・26","1501594532016558080","1508074540205608971","28","23","51","ok","https://discord.com/channels/799672011265015819/1501594532016558080/1508074540205608971"
"ג・unclaimed・27","1491076891220770916","1508074534824054826","0","3","3","ok","https://discord.com/channels/799672011265015819/1491076891220770916/1508074534824054826"
"ד・fish・28","1343950080465698836","1508074526905340036","5","13","18","ok","https://discord.com/channels/799672011265015819/1343950080465698836/1508074526905340036"
"ה・booτsτrap・29","1501236443865940059","1508074513760256122","0","1","1","ok","https://discord.com/channels/799672011265015819/1501236443865940059/1508074513760256122"
"ו・wahooτ・30","1450258703902310543","1508074508177772554","0","3","3","ok","https://discord.com/channels/799672011265015819/1450258703902310543/1508074508177772554"
"ז・unclaimed・31","1453804374760362166","1508074502897274910","0","2","2","ok","https://discord.com/channels/799672011265015819/1453804374760362166/1508074502897274910"
"ח・iτsai・32","1215319932062011464","1508074495988994050","3","5","8","ok","https://discord.com/channels/799672011265015819/1215319932062011464/1508074495988994050"
"ט・ready・33","1233428828479819876","1508074488749625415","5","6","11","ok","https://discord.com/channels/799672011265015819/1233428828479819876/1508074488749625415"
"י・mind・34","1247680967225905273","1508074482189860884","1","4","5","ok","https://discord.com/channels/799672011265015819/1247680967225905273/1508074482189860884"
"ך・oxmarkets・35","1415790978077556906","1508074476011520001","9","0","9","ok","https://discord.com/channels/799672011265015819/1415790978077556906/1508074476011520001"
"כ・eirel・36","1490699199208230993","1508074470672437410","12","10","22","ok","https://discord.com/channels/799672011265015819/1490699199208230993/1508074470672437410"
"ל・aurelius・37","1420486463841374261","1508074465483952178","5","0","5","ok","https://discord.com/channels/799672011265015819/1420486463841374261/1508074465483952178"
"ם・unclaimed・38","1485634202895519844","1508074457367838792","2","7","9","ok","https://discord.com/channels/799672011265015819/1485634202895519844/1508074457367838792"
"מ・cathedral・39","1493246871026794596","1508074451223318549","6","0","6","ok","https://discord.com/channels/799672011265015819/1493246871026794596/1508074451223318549"
"ן・unclaimed・40","1371491429775446147","1508074445108023306","1","4","5","ok","https://discord.com/channels/799672011265015819/1371491429775446147/1508074445108023306"
"נ・almanac・41","1263142301786574889","1508074439953092718","5","8","13","ok","https://discord.com/channels/799672011265015819/1263142301786574889/1508074439953092718"
"ס・unclaimed・42","1486496645058138152","1508074434093912215","0","2","2","ok","https://discord.com/channels/799672011265015819/1486496645058138152/1508074434093912215"
"ע・graphiτe・43","1263507367405031434","1508074428733456424","0","9","9","ok","https://discord.com/channels/799672011265015819/1263507367405031434/1508074428733456424"
"ף・score・44","1271486854830755981","1508074423322808440","33","13","46","ok","https://discord.com/channels/799672011265015819/1271486854830755981/1508074423322808440"
"פ・τalisman・45","1267511824601976935","1508074417597714502","2","5","7","ok","https://discord.com/channels/799672011265015819/1267511824601976935/1508074417597714502"
"ץ・zipcode・46","1397618038894759956","1508074412161761412","11","5","16","ok","https://discord.com/channels/799672011265015819/1397618038894759956/1508074412161761412"
"צ・evolai・47","1463546702383550545","1508074404612018296","4","0","4","ok","https://discord.com/channels/799672011265015819/1463546702383550545/1508074404612018296"
"ק・quantum-c・48","1407438037956427960","1508074398358175744","1","1","2","ok","https://discord.com/channels/799672011265015819/1407438037956427960/1508074398358175744"
"ר・nepher・49","1434923225229295697","1508074390535798906","7","3","10","ok","https://discord.com/channels/799672011265015819/1434923225229295697/1508074390535798906"
"ש・synth・50","1311109830282313781","1508074381325373450","9","1","10","ok","https://discord.com/channels/799672011265015819/1311109830282313781/1508074381325373450"
"ⱄ・lium-io・51","1291754566957928469","1508073959118344202","18","0","18","ok","https://discord.com/channels/799672011265015819/1291754566957928469/1508073959118344202"
"ا・dojo・52","1213131262483628102","1508073953279737966","0","5","5","ok","https://discord.com/channels/799672011265015819/1213131262483628102/1508073953279737966"
"ب・unclaimed・53","1499471917185368247","1508073942370226237","0","1","1","verified","https://discord.com/channels/799672011265015819/1499471917185368247/1508073942370226237"
"ت・miid・54","1351934165964296232","1508073936288747680","4","0","4","ok","https://discord.com/channels/799672011265015819/1351934165964296232/1508073936288747680"
"ث・niome・55","1465796313877577903","1508073926025023499","14","4","18","ok","https://discord.com/channels/799672011265015819/1465796313877577903/1508073926025023499"
"ج・gradients・56","1311360495428702240","1508073919603540100","13","5","18","ok","https://discord.com/channels/799672011265015819/1311360495428702240/1508073919603540100"
"ح・unclaimed・57","1498317068238327928","1508073909117915317","0","2","2","verified","https://discord.com/channels/799672011265015819/1498317068238327928/1508073909117915317"
"خ・handshake・58","1471865964479119604","1508073899076878396","0","2","2","verified","https://discord.com/channels/799672011265015819/1471865964479119604/1508073899076878396"
"د・babelbiτ・59","1407849009976053832","1508073893217173644","9","5","14","ok","https://discord.com/channels/799672011265015819/1407849009976053832/1508073893217173644"
"ذ・bitsec・60","1300553352274382848","1508073883251507220","14","7","21","verified","https://discord.com/channels/799672011265015819/1300553352274382848/1508073883251507220"
"ر・red-team・61","1319313447435108413","1508073877195063316","12","2","14","verified","https://discord.com/channels/799672011265015819/1319313447435108413/1508073877195063316"
"ل・ridges・62","1320812830735339580","1508073866667233290","13","41","54","verified","https://discord.com/channels/799672011265015819/1320812830735339580/1508073866667233290"
"س・enigma・63","1488231141126177040","1508073856911282338","3","1","4","ok","https://discord.com/channels/799672011265015819/1488231141126177040/1508073856911282338"
"ش・chutes・64","1320739778534047785","1508073852012593192","34","0","34","verified","https://discord.com/channels/799672011265015819/1320739778534047785/1508073852012593192"
"ص・τpn・65","1342275465267642408","1508073845704097903","4","4","8","ok","https://discord.com/channels/799672011265015819/1342275465267642408/1508073845704097903"
"ض・ninja・66","1486739181093785600","1508073841820172390","96","2","98","verified","https://discord.com/channels/799672011265015819/1486739181093785600/1508073841820172390"
"ط・harnyx・67","1457737666316472351","1508073838448087162","3","1","4","ok","https://discord.com/channels/799672011265015819/1457737666316472351/1508073838448087162"
"ظ・nova・68","1345470582161936405","1508073832538439810","14","3","17","ok","https://discord.com/channels/799672011265015819/1345470582161936405/1508073832538439810"
"ع・unclaimed・69","1349118519198875778","1508073828130230413","0","3","3","ok","https://discord.com/channels/799672011265015819/1349118519198875778/1508073828130230413"
"غ・nexisgen・70","1485641858829779015","1508073824594427954","9","1","10","verified","https://discord.com/channels/799672011265015819/1485641858829779015/1508073824594427954"
"ف・leadpoeτ・71","1349121405903573114","1508073820898988104","4","2","6","ok","https://discord.com/channels/799672011265015819/1349121405903573114/1508073820898988104"
"ق・sτreeτvision・72","1349122541754515538","1508073815207317504","4","1","5","ok","https://discord.com/channels/799672011265015819/1349122541754515538/1508073815207317504"
"ك・parked・73","1498317342890004601","1508073811033985126","1","1","2","ok","https://discord.com/channels/799672011265015819/1498317342890004601/1508073811033985126"
"ل・giττensor・74","1349123574820245534","1508073807888384040","10","4","14","ok","https://discord.com/channels/799672011265015819/1349123574820245534/1508073807888384040"
"م・hippius・75","1349124437752152075","1508073803702603806","13","3","16","ok","https://discord.com/channels/799672011265015819/1349124437752152075/1508073803702603806"
"ن・byzantium・76","1474042162877300776","1508073797637640283","1","4","5","verified","https://discord.com/channels/799672011265015819/1474042162877300776/1508073797637640283"
"ه・liquidity・77","1351180132295118848","1508073794001047552","4","1","5","verified","https://discord.com/channels/799672011265015819/1351180132295118848/1508073794001047552"
"و・vocence・78","1493995769601065061","1508073788003188908","9","1","10","verified","https://discord.com/channels/799672011265015819/1493995769601065061/1508073788003188908"
"ي・m∧τrx・79","1353733356470276096","1508073783934582834","8","7","15","ok","https://discord.com/channels/799672011265015819/1353733356470276096/1508073783934582834"
"՞・dogelayer・80","1441450194330718300","1508073780163907705","4","11","15","ok","https://discord.com/channels/799672011265015819/1441450194330718300/1508073780163907705"
"ᚠ・reliquary・81","1493247592551678012","1508073774853914624","0","0","0","ok","https://discord.com/channels/799672011265015819/1493247592551678012/1508073774853914624"
"ᚢ・compelle・82","1496611222945005660","1508073771905323009","11","5","16","ok","https://discord.com/channels/799672011265015819/1496611222945005660/1508073771905323009"
"ᚦ・cliqueai・83","1355560253076410428","1508073767148982382","6","12","18","target-verified","https://discord.com/channels/799672011265015819/1355560253076410428/1508073767148982382"
"ᚨ・droid・84","1499772113484124270","1508073761516290180","0","15","15","ok","https://discord.com/channels/799672011265015819/1499772113484124270/1508073761516290180"
"ᚱ・vidaio・85","1342559689690583202","1508073757577707550","9","9","18","ok","https://discord.com/channels/799672011265015819/1342559689690583202/1508073757577707550"
"ᚳ・unclaimed・86","1440729803698470993","1508073753630871612","0","1","1","ok","https://discord.com/channels/799672011265015819/1440729803698470993/1508073753630871612"
"ы・luminar・87","1409555541910355998","1508073748060700805","8","3","11","target-verified","https://discord.com/channels/799672011265015819/1409555541910355998/1508073748060700805"
"ᛇ・invesτing・88","1358854051634221328","1508073743878983781","6","0","6","ok","https://discord.com/channels/799672011265015819/1358854051634221328/1508073743878983781"
"ᛒ・infiniτehash・89","1359592408119120033","1508073740448305242","3","0","3","verified","https://discord.com/channels/799672011265015819/1359592408119120033/1508073740448305242"
"_・unclaimed・90","1448063556368076941","1508073734559498252","1","0","1","target-verified","https://discord.com/channels/799672011265015819/1448063556368076941/1508073734559498252"
"ᚁ・biτsτarτer-1・91","1479211355595866327","1508073730969178163","0","1","1","ok","https://discord.com/channels/799672011265015819/1479211355595866327/1508073730969178163"
"ᚂ・τensorclaw・92","1503377929269416028","1508073727533781002","0","9","9","ok","https://discord.com/channels/799672011265015819/1503377929269416028/1508073727533781002"
"ᚃ・biτcasτ・93","1362489640841380045","1508073721779326986","6","0","6","target-verified","https://discord.com/channels/799672011265015819/1362489640841380045/1508073721779326986"
"ᚄ・biτsoτa・94","1443001560635281581","1508073719015276564","0","5","5","target-verified","https://discord.com/channels/799672011265015819/1443001560635281581/1508073719015276564"
"ᚅ・actual・95","1364253568961609859","1508073713701228745","10","3","13","target-verified","https://discord.com/channels/799672011265015819/1364253568961609859/1508073713701228745"
"᚛・veraτhos・96","1480627157406584945","1508073709494079630","6","0","6","verified","https://discord.com/channels/799672011265015819/1480627157406584945/1508073709494079630"
"ა・distil・97","1482026267392868583","1508073704230223953","29","2","31","ok","https://discord.com/channels/799672011265015819/1482026267392868583/1508073704230223953"
"ბ・forevermoney・98","1366426973781364816","1508073697154695259","2","2","4","ok","https://discord.com/channels/799672011265015819/1366426973781364816/1508073697154695259"
"გ・leoma・99","1465791819756339261","1508073693321105418","8","2","10","target-verified","https://discord.com/channels/799672011265015819/1465791819756339261/1508073693321105418"
"დ・plaτform・100","1429935142847381617","1508073689239781467","11","0","11","ok","https://discord.com/channels/799672011265015819/1429935142847381617/1508073689239781467"
"ე・unclaimed・101","1368946065738436749","1508073683426607114","0","1","1","target-verified","https://discord.com/channels/799672011265015819/1368946065738436749/1508073683426607114"
"ვ・connito-ai・102","1488167959565308004","1508073678628327545","12","2","14","ok","https://discord.com/channels/799672011265015819/1488167959565308004/1508073678628327545"
"ա・djinn・103","1465362098971345010","1508073674551460001","10","1","11","target-verified","https://discord.com/channels/799672011265015819/1465362098971345010/1508073674551460001"
"բ・sovereign・104","1370430761408139404","1508073669467832530","1","5","6","ok","https://discord.com/channels/799672011265015819/1370430761408139404/1508073669467832530"
"գ・beam・105","1437473346026475702","1508073665282052308","27","0","27","ok","https://discord.com/channels/799672011265015819/1437473346026475702/1508073665282052308"
"դ・voidai・106","1371902705605546075","1508073660659929219","3","0","3","ok","https://discord.com/channels/799672011265015819/1371902705605546075/1508073660659929219"
"ミ・minos・107","1467949024769478793","1508073654754344971","3","2","5","ok","https://discord.com/channels/799672011265015819/1467949024769478793/1508073654754344971"
"զ・talkhead・108","1450185343205904565","1508073648945106945","3","9","12","target-verified","https://discord.com/channels/799672011265015819/1450185343205904565/1508073648945106945"
"ى・academia・109","1455931857873928316","1508073645589659805","1","1","2","verified","https://discord.com/channels/799672011265015819/1455931857873928316/1508073645589659805"
"ѐ・greencompute・110","1465358502628163759","1508073640606957720","3","9","12","verified","https://discord.com/channels/799672011265015819/1465358502628163759/1508073640606957720"
"ё・oneoneone・111","1375215258678857728","1508073635074539620","1","2","3","target-verified","https://discord.com/channels/799672011265015819/1375215258678857728/1508073635074539620"
"ђ・minoτaur・112","1376603375113863178","1508073630171660350","0","0","0","target-verified","https://discord.com/channels/799672011265015819/1376603375113863178/1508073630171660350"
"ѓ・tensorusd・113","1450910875790872700","1508073626249859172","14","1","15","verified","https://discord.com/channels/799672011265015819/1450910875790872700/1508073626249859172"
"є・soma・114","1460644425813328004","1508073622089240667","4","1","5","ok","https://discord.com/channels/799672011265015819/1460644425813328004/1508073622089240667"
"ѕ・soulx・115","1379143301478744064","1508073617492152340","0","2","2","verified","https://discord.com/channels/799672011265015819/1379143301478744064/1508073617492152340"
"ъ・τaolend・116","1379496997752410172","1508073613188661268","2","3","5","ok","https://discord.com/channels/799672011265015819/1379496997752410172/1508073613188661268"
"ⲁ・unclaimed・117","1499147039924031508","1508073607790854154","2","1","3","ok","https://discord.com/channels/799672011265015819/1499147039924031508/1508073607790854154"
"ⲁ・ditto・118","1499448472246419608","1508073603982426214","12","1","13","ok","https://discord.com/channels/799672011265015819/1499448472246419608/1508073603982426214"
"ⲃ・saτori・119","1381660350818029578","1508073599666225203","0","1","1","ok","https://discord.com/channels/799672011265015819/1381660350818029578/1508073599666225203"
"ⴷ・ⴷffine・120","1381987595881414656","1508073595434434600","25","3","28","target-verified","https://discord.com/channels/799672011265015819/1381987595881414656/1508073595434434600"
"ⲅ・sundae-bar・121","1382818027241738352","1508073590967505007","8","1","9","target-verified","https://discord.com/channels/799672011265015819/1382818027241738352/1508073590967505007"
"ⲅ・unclaimed・122","1507378701111656568","1508073586932580382","13","2","15","verified","https://discord.com/channels/799672011265015819/1507378701111656568/1508073586932580382"
"𑀀・mantis・123","1384252267770806293","1508073582419247224","4","4","8","ok","https://discord.com/channels/799672011265015819/1384252267770806293/1508073582419247224"
"𑀁・swarm・124","1385341501130801172","1508073577100869654","10","5","15","target-verified","https://discord.com/channels/799672011265015819/1385341501130801172/1508073577100869654"
"𑀂・flyspeck・125","1386721054906646549","1508073572000858112","0","7","7","ok","https://discord.com/channels/799672011265015819/1386721054906646549/1508073572000858112"
"𑀃・poker44・126","1386721120652361800","1508073567462490253","3","4","7","ok","https://discord.com/channels/799672011265015819/1386721120652361800/1508073567462490253"
"𑀅・asτrid・127","1387151679266230323","1508073563079577781","3","7","10","verified","https://discord.com/channels/799672011265015819/1387151679266230323/1508073563079577781"
"න・byteleap・128","1387438124132733110","1508073533232644206","0","1","1","verified","https://discord.com/channels/799672011265015819/1387438124132733110/1508073533232644206"
