"subnet","category","channelId","channelUrl","messageId","messageUrl","searchPage"
"𝛼・apex・1","[・Subnets・]","1161764867166961704","https://discord.com/channels/799672011265015819/1161764867166961704","1508074699589025964","https://discord.com/channels/799672011265015819/1161764867166961704/1508074699589025964","1"
"β・dsperse・2","[・Subnets・]","1220504695404236800","https://discord.com/channels/799672011265015819/1220504695404236800","1508074692500656269","https://discord.com/channels/799672011265015819/1220504695404236800/1508074692500656269","1"
"β・dsperse・2","[・Subnets・]","1220504695404236800","https://discord.com/channels/799672011265015819/1220504695404236800","1508074516662845500","https://discord.com/channels/799672011265015819/1220504695404236800/1508074516662845500","2"
"γ・τeuτonic・3","[・Subnets・]","1493243812263362660","https://discord.com/channels/799672011265015819/1493243812263362660","1508074686745935962","https://discord.com/channels/799672011265015819/1493243812263362660/1508074686745935962","1"
"γ・τeuτonic・3","[・Subnets・]","1493243812263362660","https://discord.com/channels/799672011265015819/1493243812263362660","1508074242338717756","https://discord.com/channels/799672011265015819/1493243812263362660/1508074242338717756","3"
"∆・τargon・4","[・Subnets・]","1161765008347254915","https://discord.com/channels/799672011265015819/1161765008347254915","1508074680244895824","https://discord.com/channels/799672011265015819/1161765008347254915/1508074680244895824","1"
"ε・hone・5","[・Subnets・]","1368959417936252998","https://discord.com/channels/799672011265015819/1368959417936252998","1508074674385321984","https://discord.com/channels/799672011265015819/1368959417936252998/1508074674385321984","1"
"ζ・numinous・6","[・Subnets・]","1209554949449457705","https://discord.com/channels/799672011265015819/1209554949449457705","1508074669998342296","https://discord.com/channels/799672011265015819/1209554949449457705/1508074669998342296","1"
"η・allways・7","[・Subnets・]","1437494877578330174","https://discord.com/channels/799672011265015819/1437494877578330174","1508074664516255905","https://discord.com/channels/799672011265015819/1437494877578330174/1508074664516255905","1"
"θ・vanta・8","[・Subnets・]","1162384774170677318","https://discord.com/channels/799672011265015819/1162384774170677318","1508074659017658479","https://discord.com/channels/799672011265015819/1162384774170677318/1508074659017658479","1"
"ι・ioτa・9","[・Subnets・]","1162768567821930597","https://discord.com/channels/799672011265015819/1162768567821930597","1508074652096790759","https://discord.com/channels/799672011265015819/1162768567821930597/1508074652096790759","1"
"κ・unclaimed・10","[・Subnets・]","1466140393199636692","https://discord.com/channels/799672011265015819/1466140393199636692","1508074646887731273","https://discord.com/channels/799672011265015819/1466140393199636692/1508074646887731273","1"
"λ・trajectory-rl・11","[・Subnets・]","1466120711033590034","https://discord.com/channels/799672011265015819/1466120711033590034","1508074641804234852","https://discord.com/channels/799672011265015819/1466120711033590034/1508074641804234852","1"
"µ・horde・12","[・Subnets・]","1201941624243109888","https://discord.com/channels/799672011265015819/1201941624243109888","1508074634208215151","https://discord.com/channels/799672011265015819/1201941624243109888/1508074634208215151","1"
"ν・daτaverse・13","[・Subnets・]","1185617142914236518","https://discord.com/channels/799672011265015819/1185617142914236518","1508074631289110558","https://discord.com/channels/799672011265015819/1185617142914236518/1508074631289110558","1"
"ㄷ・cacheon・14","[・Subnets・]","1503393871172866098","https://discord.com/channels/799672011265015819/1503393871172866098","1508074630181683413","https://discord.com/channels/799672011265015819/1503393871172866098/1508074630181683413","1"
"ο・oro・15","[・Subnets・]","1466080859164643389","https://discord.com/channels/799672011265015819/1466080859164643389","1508074617590251640","https://discord.com/channels/799672011265015819/1466080859164643389/1508074617590251640","1"
"π・biτads・16","[・Subnets・]","1437905570219950170","https://discord.com/channels/799672011265015819/1437905570219950170","1508074610791415831","https://discord.com/channels/799672011265015819/1437905570219950170/1508074610791415831","1"
"ρ・404—gen・17","[・Subnets・]","1179081290289528864","https://discord.com/channels/799672011265015819/1179081290289528864","1508074603883266170","https://discord.com/channels/799672011265015819/1179081290289528864/1508074603883266170","1"
"σ・zeus・18","[・Subnets・]","1335971614516576296","https://discord.com/channels/799672011265015819/1335971614516576296","1508074598376411287","https://discord.com/channels/799672011265015819/1335971614516576296/1508074598376411287","1"
"τ・blockmachine・19","[・Subnets・]","1414687189752746167","https://discord.com/channels/799672011265015819/1414687189752746167","1508074582001844285","https://discord.com/channels/799672011265015819/1414687189752746167/1508074582001844285","1"
"υ・groundlayer・20","[・Subnets・]","1475925616996909269","https://discord.com/channels/799672011265015819/1475925616996909269","1508074587324420308","https://discord.com/channels/799672011265015819/1475925616996909269/1508074587324420308","1"
"φ・adτao・21","[・Subnets・]","1489651673944297472","https://discord.com/channels/799672011265015819/1489651673944297472","1508074575601209535","https://discord.com/channels/799672011265015819/1489651673944297472/1508074575601209535","1"
"χ・desearch・22","[・Subnets・]","1189589759065067580","https://discord.com/channels/799672011265015819/1189589759065067580","1508074569129398433","https://discord.com/channels/799672011265015819/1189589759065067580/1508074569129398433","1"
"ψ・trishool・23","[・Subnets・]","1437447445176127618","https://discord.com/channels/799672011265015819/1437447445176127618","1508074563614019685","https://discord.com/channels/799672011265015819/1437447445176127618/1508074563614019685","1"
"ω・quasar・24","[・Subnets・]","1453112474692751532","https://discord.com/channels/799672011265015819/1453112474692751532","1508074557552984175","https://discord.com/channels/799672011265015819/1453112474692751532/1508074557552984175","1"
"א・mainframe・25","[・Subnets・]","1234881153832321024","https://discord.com/channels/799672011265015819/1234881153832321024","1508074548841681047","https://discord.com/channels/799672011265015819/1234881153832321024/1508074548841681047","1"
"א・mainframe・25","[・Subnets・]","1234881153832321024","https://discord.com/channels/799672011265015819/1234881153832321024","1508074274127347847","https://discord.com/channels/799672011265015819/1234881153832321024/1508074274127347847","3"
"ב・perτurb・26","[・Subnets・]","1501594532016558080","https://discord.com/channels/799672011265015819/1501594532016558080","1508074540205608971","https://discord.com/channels/799672011265015819/1501594532016558080/1508074540205608971","2"
"ג・unclaimed・27","[・Subnets・]","1491076891220770916","https://discord.com/channels/799672011265015819/1491076891220770916","1508074534824054826","https://discord.com/channels/799672011265015819/1491076891220770916/1508074534824054826","2"
"ד・fish・28","[・Subnets・]","1343950080465698836","https://discord.com/channels/799672011265015819/1343950080465698836","1508074526905340036","https://discord.com/channels/799672011265015819/1343950080465698836/1508074526905340036","2"
"ד・fish・28","[・Subnets・]","1343950080465698836","https://discord.com/channels/799672011265015819/1343950080465698836","1508074292724764693","https://discord.com/channels/799672011265015819/1343950080465698836/1508074292724764693","3"
"ה・booτsτrap・29","[・Subnets・]","1501236443865940059","https://discord.com/channels/799672011265015819/1501236443865940059","1508074513760256122","https://discord.com/channels/799672011265015819/1501236443865940059/1508074513760256122","2"
"ו・wahooτ・30","[・Subnets・]","1450258703902310543","https://discord.com/channels/799672011265015819/1450258703902310543","1508074508177772554","https://discord.com/channels/799672011265015819/1450258703902310543/1508074508177772554","2"
"ז・unclaimed・31","[・Subnets・]","1453804374760362166","https://discord.com/channels/799672011265015819/1453804374760362166","1508074502897274910","https://discord.com/channels/799672011265015819/1453804374760362166/1508074502897274910","2"
"ח・iτsai・32","[・Subnets・]","1215319932062011464","https://discord.com/channels/799672011265015819/1215319932062011464","1508074495988994050","https://discord.com/channels/799672011265015819/1215319932062011464/1508074495988994050","2"
"ט・ready・33","[・Subnets・]","1233428828479819876","https://discord.com/channels/799672011265015819/1233428828479819876","1508074488749625415","https://discord.com/channels/799672011265015819/1233428828479819876/1508074488749625415","2"
"י・mind・34","[・Subnets・]","1247680967225905273","https://discord.com/channels/799672011265015819/1247680967225905273","1508074482189860884","https://discord.com/channels/799672011265015819/1247680967225905273/1508074482189860884","2"
"ך・oxmarkets・35","[・Subnets・]","1415790978077556906","https://discord.com/channels/799672011265015819/1415790978077556906","1508074476011520001","https://discord.com/channels/799672011265015819/1415790978077556906/1508074476011520001","2"
"כ・eirel・36","[・Subnets・]","1490699199208230993","https://discord.com/channels/799672011265015819/1490699199208230993","1508074470672437410","https://discord.com/channels/799672011265015819/1490699199208230993/1508074470672437410","2"
"ל・aurelius・37","[・Subnets・]","1420486463841374261","https://discord.com/channels/799672011265015819/1420486463841374261","1508074465483952178","https://discord.com/channels/799672011265015819/1420486463841374261/1508074465483952178","2"
"ם・unclaimed・38","[・Subnets・]","1485634202895519844","https://discord.com/channels/799672011265015819/1485634202895519844","1508074457367838792","https://discord.com/channels/799672011265015819/1485634202895519844/1508074457367838792","2"
"מ・cathedral・39","[・Subnets・]","1493246871026794596","https://discord.com/channels/799672011265015819/1493246871026794596","1508074451223318549","https://discord.com/channels/799672011265015819/1493246871026794596/1508074451223318549","2"
"ן・unclaimed・40","[・Subnets・]","1371491429775446147","https://discord.com/channels/799672011265015819/1371491429775446147","1508074445108023306","https://discord.com/channels/799672011265015819/1371491429775446147/1508074445108023306","2"
"נ・almanac・41","[・Subnets・]","1263142301786574889","https://discord.com/channels/799672011265015819/1263142301786574889","1508074439953092718","https://discord.com/channels/799672011265015819/1263142301786574889/1508074439953092718","2"
"ס・unclaimed・42","[・Subnets・]","1486496645058138152","https://discord.com/channels/799672011265015819/1486496645058138152","1508074434093912215","https://discord.com/channels/799672011265015819/1486496645058138152/1508074434093912215","2"
"ע・graphiτe・43","[・Subnets・]","1263507367405031434","https://discord.com/channels/799672011265015819/1263507367405031434","1508074428733456424","https://discord.com/channels/799672011265015819/1263507367405031434/1508074428733456424","2"
"ף・score・44","[・Subnets・]","1271486854830755981","https://discord.com/channels/799672011265015819/1271486854830755981","1508074423322808440","https://discord.com/channels/799672011265015819/1271486854830755981/1508074423322808440","2"
"פ・τalisman・45","[・Subnets・]","1267511824601976935","https://discord.com/channels/799672011265015819/1267511824601976935","1508074417597714502","https://discord.com/channels/799672011265015819/1267511824601976935/1508074417597714502","2"
"ץ・zipcode・46","[・Subnets・]","1397618038894759956","https://discord.com/channels/799672011265015819/1397618038894759956","1508074412161761412","https://discord.com/channels/799672011265015819/1397618038894759956/1508074412161761412","2"
"צ・evolai・47","[・Subnets 2・]","1463546702383550545","https://discord.com/channels/799672011265015819/1463546702383550545","1508074404612018296","https://discord.com/channels/799672011265015819/1463546702383550545/1508074404612018296","2"
"ק・quantum-c・48","[・Subnets 2・]","1407438037956427960","https://discord.com/channels/799672011265015819/1407438037956427960","1508074398358175744","https://discord.com/channels/799672011265015819/1407438037956427960/1508074398358175744","2"
"ר・nepher・49","[・Subnets 2・]","1434923225229295697","https://discord.com/channels/799672011265015819/1434923225229295697","1508074390535798906","https://discord.com/channels/799672011265015819/1434923225229295697/1508074390535798906","2"
"ש・synth・50","[・Subnets 2・]","1311109830282313781","https://discord.com/channels/799672011265015819/1311109830282313781","1508074381325373450","https://discord.com/channels/799672011265015819/1311109830282313781/1508074381325373450","3"
"ⱄ・lium-io・51","[・Subnets 2・]","1291754566957928469","https://discord.com/channels/799672011265015819/1291754566957928469","1508073959118344202","https://discord.com/channels/799672011265015819/1291754566957928469/1508073959118344202","3"
"ا・dojo・52","[・Subnets 2・]","1213131262483628102","https://discord.com/channels/799672011265015819/1213131262483628102","1508073953279737966","https://discord.com/channels/799672011265015819/1213131262483628102/1508073953279737966","3"
"ب・unclaimed・53","[・Subnets 2・]","1499471917185368247","https://discord.com/channels/799672011265015819/1499471917185368247","1508073942370226237","https://discord.com/channels/799672011265015819/1499471917185368247/1508073942370226237","3"
"ت・miid・54","[・Subnets 2・]","1351934165964296232","https://discord.com/channels/799672011265015819/1351934165964296232","1508073936288747680","https://discord.com/channels/799672011265015819/1351934165964296232/1508073936288747680","3"
"ث・niome・55","[・Subnets 2・]","1465796313877577903","https://discord.com/channels/799672011265015819/1465796313877577903","1508073926025023499","https://discord.com/channels/799672011265015819/1465796313877577903/1508073926025023499","3"
"ج・gradients・56","[・Subnets 2・]","1311360495428702240","https://discord.com/channels/799672011265015819/1311360495428702240","1508073919603540100","https://discord.com/channels/799672011265015819/1311360495428702240/1508073919603540100","3"
"ح・unclaimed・57","[・Subnets 2・]","1498317068238327928","https://discord.com/channels/799672011265015819/1498317068238327928","1508073909117915317","https://discord.com/channels/799672011265015819/1498317068238327928/1508073909117915317","3"
"خ・handshake・58","[・Subnets 2・]","1471865964479119604","https://discord.com/channels/799672011265015819/1471865964479119604","1508073899076878396","https://discord.com/channels/799672011265015819/1471865964479119604/1508073899076878396","3"
"د・babelbiτ・59","[・Subnets 2・]","1407849009976053832","https://discord.com/channels/799672011265015819/1407849009976053832","1508073893217173644","https://discord.com/channels/799672011265015819/1407849009976053832/1508073893217173644","3"
"ذ・bitsec・60","[・Subnets 2・]","1300553352274382848","https://discord.com/channels/799672011265015819/1300553352274382848","1508073883251507220","https://discord.com/channels/799672011265015819/1300553352274382848/1508073883251507220","3"
"ر・red-team・61","[・Subnets 2・]","1319313447435108413","https://discord.com/channels/799672011265015819/1319313447435108413","1508073877195063316","https://discord.com/channels/799672011265015819/1319313447435108413/1508073877195063316","3"
"ل・ridges・62","[・Subnets 2・]","1320812830735339580","https://discord.com/channels/799672011265015819/1320812830735339580","1508073866667233290","https://discord.com/channels/799672011265015819/1320812830735339580/1508073866667233290","3"
"س・enigma・63","[・Subnets 2・]","1488231141126177040","https://discord.com/channels/799672011265015819/1488231141126177040","1508073856911282338","https://discord.com/channels/799672011265015819/1488231141126177040/1508073856911282338","3"
"ش・chutes・64","[・Subnets 2・]","1320739778534047785","https://discord.com/channels/799672011265015819/1320739778534047785","1508073852012593192","https://discord.com/channels/799672011265015819/1320739778534047785/1508073852012593192","3"
"ص・τpn・65","[・Subnets 2・]","1342275465267642408","https://discord.com/channels/799672011265015819/1342275465267642408","1508073845704097903","https://discord.com/channels/799672011265015819/1342275465267642408/1508073845704097903","3"
"ض・ninja・66","[・Subnets 2・]","1486739181093785600","https://discord.com/channels/799672011265015819/1486739181093785600","1508073841820172390","https://discord.com/channels/799672011265015819/1486739181093785600/1508073841820172390","3"
"ط・harnyx・67","[・Subnets 2・]","1457737666316472351","https://discord.com/channels/799672011265015819/1457737666316472351","1508073838448087162","https://discord.com/channels/799672011265015819/1457737666316472351/1508073838448087162","3"
"ظ・nova・68","[・Subnets 2・]","1345470582161936405","https://discord.com/channels/799672011265015819/1345470582161936405","1508073832538439810","https://discord.com/channels/799672011265015819/1345470582161936405/1508073832538439810","3"
"ع・unclaimed・69","[・Subnets 2・]","1349118519198875778","https://discord.com/channels/799672011265015819/1349118519198875778","1508073828130230413","https://discord.com/channels/799672011265015819/1349118519198875778/1508073828130230413","3"
"غ・nexisgen・70","[・Subnets 2・]","1485641858829779015","https://discord.com/channels/799672011265015819/1485641858829779015","1508073824594427954","https://discord.com/channels/799672011265015819/1485641858829779015/1508073824594427954","3"
"ف・leadpoeτ・71","[・Subnets 2・]","1349121405903573114","https://discord.com/channels/799672011265015819/1349121405903573114","1508073820898988104","https://discord.com/channels/799672011265015819/1349121405903573114/1508073820898988104","3"
"ق・sτreeτvision・72","[・Subnets 2・]","1349122541754515538","https://discord.com/channels/799672011265015819/1349122541754515538","1508073815207317504","https://discord.com/channels/799672011265015819/1349122541754515538/1508073815207317504","4"
"ك・parked・73","[・Subnets 2・]","1498317342890004601","https://discord.com/channels/799672011265015819/1498317342890004601","1508073811033985126","https://discord.com/channels/799672011265015819/1498317342890004601/1508073811033985126","4"
"ل・giττensor・74","[・Subnets 2・]","1349123574820245534","https://discord.com/channels/799672011265015819/1349123574820245534","1508073807888384040","https://discord.com/channels/799672011265015819/1349123574820245534/1508073807888384040","4"
"م・hippius・75","[・Subnets 2・]","1349124437752152075","https://discord.com/channels/799672011265015819/1349124437752152075","1508073803702603806","https://discord.com/channels/799672011265015819/1349124437752152075/1508073803702603806","4"
"ن・byzantium・76","[・Subnets 2・]","1474042162877300776","https://discord.com/channels/799672011265015819/1474042162877300776","1508073797637640283","https://discord.com/channels/799672011265015819/1474042162877300776/1508073797637640283","4"
"ه・liquidity・77","[・Subnets 2・]","1351180132295118848","https://discord.com/channels/799672011265015819/1351180132295118848","1508073794001047552","https://discord.com/channels/799672011265015819/1351180132295118848/1508073794001047552","4"
"و・vocence・78","[・Subnets 2・]","1493995769601065061","https://discord.com/channels/799672011265015819/1493995769601065061","1508073788003188908","https://discord.com/channels/799672011265015819/1493995769601065061/1508073788003188908","4"
"ي・m∧τrx・79","[・Subnets 2・]","1353733356470276096","https://discord.com/channels/799672011265015819/1353733356470276096","1508073783934582834","https://discord.com/channels/799672011265015819/1353733356470276096/1508073783934582834","4"
"՞・dogelayer・80","[・Subnets 2・]","1441450194330718300","https://discord.com/channels/799672011265015819/1441450194330718300","1508073780163907705","https://discord.com/channels/799672011265015819/1441450194330718300/1508073780163907705","4"
"ᚠ・reliquary・81","[・Subnets 2・]","1493247592551678012","https://discord.com/channels/799672011265015819/1493247592551678012","1508073774853914624","https://discord.com/channels/799672011265015819/1493247592551678012/1508073774853914624","4"
"ᚢ・compelle・82","[・Subnets 2・]","1496611222945005660","https://discord.com/channels/799672011265015819/1496611222945005660","1508073771905323009","https://discord.com/channels/799672011265015819/1496611222945005660/1508073771905323009","4"
"ᚦ・cliqueai・83","[・Subnets 2・]","1355560253076410428","https://discord.com/channels/799672011265015819/1355560253076410428","1508073767148982382","https://discord.com/channels/799672011265015819/1355560253076410428/1508073767148982382","4"
"ᚨ・droid・84","[・Subnets 2・]","1499772113484124270","https://discord.com/channels/799672011265015819/1499772113484124270","1508073761516290180","https://discord.com/channels/799672011265015819/1499772113484124270/1508073761516290180","4"
"ᚱ・vidaio・85","[・Subnets 2・]","1342559689690583202","https://discord.com/channels/799672011265015819/1342559689690583202","1508073757577707550","https://discord.com/channels/799672011265015819/1342559689690583202/1508073757577707550","4"
"ᚳ・unclaimed・86","[・Subnets 2・]","1440729803698470993","https://discord.com/channels/799672011265015819/1440729803698470993","1508073753630871612","https://discord.com/channels/799672011265015819/1440729803698470993/1508073753630871612","4"
"ы・luminar・87","[・Subnets 2・]","1409555541910355998","https://discord.com/channels/799672011265015819/1409555541910355998","1508073748060700805","https://discord.com/channels/799672011265015819/1409555541910355998/1508073748060700805","4"
"ᛇ・invesτing・88","[・Subnets 2・]","1358854051634221328","https://discord.com/channels/799672011265015819/1358854051634221328","1508073743878983781","https://discord.com/channels/799672011265015819/1358854051634221328/1508073743878983781","4"
"ᛒ・infiniτehash・89","[・Subnets 2・]","1359592408119120033","https://discord.com/channels/799672011265015819/1359592408119120033","1508073740448305242","https://discord.com/channels/799672011265015819/1359592408119120033/1508073740448305242","4"
"_・unclaimed・90","[・Subnets 2・]","1448063556368076941","https://discord.com/channels/799672011265015819/1448063556368076941","1508073734559498252","https://discord.com/channels/799672011265015819/1448063556368076941/1508073734559498252","4"
"ᚁ・biτsτarτer-1・91","[・Subnets 2・]","1479211355595866327","https://discord.com/channels/799672011265015819/1479211355595866327","1508073730969178163","https://discord.com/channels/799672011265015819/1479211355595866327/1508073730969178163","4"
"ᚂ・τensorclaw・92","[・Subnets 2・]","1503377929269416028","https://discord.com/channels/799672011265015819/1503377929269416028","1508073727533781002","https://discord.com/channels/799672011265015819/1503377929269416028/1508073727533781002","4"
"ᚃ・biτcasτ・93","[・Subnets 2・]","1362489640841380045","https://discord.com/channels/799672011265015819/1362489640841380045","1508073721779326986","https://discord.com/channels/799672011265015819/1362489640841380045/1508073721779326986","4"
"ᚄ・biτsoτa・94","[・Subnets 2・]","1443001560635281581","https://discord.com/channels/799672011265015819/1443001560635281581","1508073719015276564","https://discord.com/channels/799672011265015819/1443001560635281581/1508073719015276564","4"
"ᚅ・actual・95","[・Subnets 2・]","1364253568961609859","https://discord.com/channels/799672011265015819/1364253568961609859","1508073713701228745","https://discord.com/channels/799672011265015819/1364253568961609859/1508073713701228745","4"
"᚛・veraτhos・96","[・Subnets 2・]","1480627157406584945","https://discord.com/channels/799672011265015819/1480627157406584945","1508073709494079630","https://discord.com/channels/799672011265015819/1480627157406584945/1508073709494079630","4"
"ა・distil・97","[・Subnets 3・]","1482026267392868583","https://discord.com/channels/799672011265015819/1482026267392868583","1508073704230223953","https://discord.com/channels/799672011265015819/1482026267392868583/1508073704230223953","5"
"ბ・forevermoney・98","[・Subnets 3・]","1366426973781364816","https://discord.com/channels/799672011265015819/1366426973781364816","1508073697154695259","https://discord.com/channels/799672011265015819/1366426973781364816/1508073697154695259","5"
"გ・leoma・99","[・Subnets 3・]","1465791819756339261","https://discord.com/channels/799672011265015819/1465791819756339261","1508073693321105418","https://discord.com/channels/799672011265015819/1465791819756339261/1508073693321105418","5"
"დ・plaτform・100","[・Subnets 3・]","1429935142847381617","https://discord.com/channels/799672011265015819/1429935142847381617","1508073689239781467","https://discord.com/channels/799672011265015819/1429935142847381617/1508073689239781467","5"
"ე・unclaimed・101","[・Subnets 3・]","1368946065738436749","https://discord.com/channels/799672011265015819/1368946065738436749","1508073683426607114","https://discord.com/channels/799672011265015819/1368946065738436749/1508073683426607114","5"
"ვ・connito-ai・102","[・Subnets 3・]","1488167959565308004","https://discord.com/channels/799672011265015819/1488167959565308004","1508073678628327545","https://discord.com/channels/799672011265015819/1488167959565308004/1508073678628327545","5"
"ա・djinn・103","[・Subnets 3・]","1465362098971345010","https://discord.com/channels/799672011265015819/1465362098971345010","1508073674551460001","https://discord.com/channels/799672011265015819/1465362098971345010/1508073674551460001","5"
"բ・sovereign・104","[・Subnets 3・]","1370430761408139404","https://discord.com/channels/799672011265015819/1370430761408139404","1508073669467832530","https://discord.com/channels/799672011265015819/1370430761408139404/1508073669467832530","5"
"գ・beam・105","[・Subnets 3・]","1437473346026475702","https://discord.com/channels/799672011265015819/1437473346026475702","1508073665282052308","https://discord.com/channels/799672011265015819/1437473346026475702/1508073665282052308","5"
"դ・voidai・106","[・Subnets 3・]","1371902705605546075","https://discord.com/channels/799672011265015819/1371902705605546075","1508073660659929219","https://discord.com/channels/799672011265015819/1371902705605546075/1508073660659929219","5"
"ミ・minos・107","[・Subnets 3・]","1467949024769478793","https://discord.com/channels/799672011265015819/1467949024769478793","1508073654754344971","https://discord.com/channels/799672011265015819/1467949024769478793/1508073654754344971","5"
"զ・talkhead・108","[・Subnets 3・]","1450185343205904565","https://discord.com/channels/799672011265015819/1450185343205904565","1508073648945106945","https://discord.com/channels/799672011265015819/1450185343205904565/1508073648945106945","5"
"ى・academia・109","[・Subnets 3・]","1455931857873928316","https://discord.com/channels/799672011265015819/1455931857873928316","1508073645589659805","https://discord.com/channels/799672011265015819/1455931857873928316/1508073645589659805","5"
"ѐ・greencompute・110","[・Subnets 3・]","1465358502628163759","https://discord.com/channels/799672011265015819/1465358502628163759","1508073640606957720","https://discord.com/channels/799672011265015819/1465358502628163759/1508073640606957720","5"
"ё・oneoneone・111","[・Subnets 3・]","1375215258678857728","https://discord.com/channels/799672011265015819/1375215258678857728","1508073635074539620","https://discord.com/channels/799672011265015819/1375215258678857728/1508073635074539620","5"
"ђ・minoτaur・112","[・Subnets 3・]","1376603375113863178","https://discord.com/channels/799672011265015819/1376603375113863178","1508073630171660350","https://discord.com/channels/799672011265015819/1376603375113863178/1508073630171660350","5"
"ѓ・tensorusd・113","[・Subnets 3・]","1450910875790872700","https://discord.com/channels/799672011265015819/1450910875790872700","1508073626249859172","https://discord.com/channels/799672011265015819/1450910875790872700/1508073626249859172","5"
"є・soma・114","[・Subnets 3・]","1460644425813328004","https://discord.com/channels/799672011265015819/1460644425813328004","1508073622089240667","https://discord.com/channels/799672011265015819/1460644425813328004/1508073622089240667","5"
"ѕ・soulx・115","[・Subnets 3・]","1379143301478744064","https://discord.com/channels/799672011265015819/1379143301478744064","1508073617492152340","https://discord.com/channels/799672011265015819/1379143301478744064/1508073617492152340","5"
"ъ・τaolend・116","[・Subnets 3・]","1379496997752410172","https://discord.com/channels/799672011265015819/1379496997752410172","1508073613188661268","https://discord.com/channels/799672011265015819/1379496997752410172/1508073613188661268","5"
"ⲁ・unclaimed・117","[・Subnets 3・]","1499147039924031508","https://discord.com/channels/799672011265015819/1499147039924031508","1508073607790854154","https://discord.com/channels/799672011265015819/1499147039924031508/1508073607790854154","5"
"ⲁ・ditto・118","[・Subnets 3・]","1499448472246419608","https://discord.com/channels/799672011265015819/1499448472246419608","1508073603982426214","https://discord.com/channels/799672011265015819/1499448472246419608/1508073603982426214","5"
"ⲃ・saτori・119","[・Subnets 3・]","1381660350818029578","https://discord.com/channels/799672011265015819/1381660350818029578","1508073599666225203","https://discord.com/channels/799672011265015819/1381660350818029578/1508073599666225203","5"
"ⴷ・ⴷffine・120","[・Subnets 3・]","1381987595881414656","https://discord.com/channels/799672011265015819/1381987595881414656","1508073595434434600","https://discord.com/channels/799672011265015819/1381987595881414656/1508073595434434600","5"
"ⲅ・sundae-bar・121","[・Subnets 3・]","1382818027241738352","https://discord.com/channels/799672011265015819/1382818027241738352","1508073590967505007","https://discord.com/channels/799672011265015819/1382818027241738352/1508073590967505007","5"
"ⲅ・unclaimed・122","[・Subnets 3・]","1507378701111656568","https://discord.com/channels/799672011265015819/1507378701111656568","1508073586932580382","https://discord.com/channels/799672011265015819/1507378701111656568/1508073586932580382","6"
"𑀀・mantis・123","[・Subnets 3・]","1384252267770806293","https://discord.com/channels/799672011265015819/1384252267770806293","1508073582419247224","https://discord.com/channels/799672011265015819/1384252267770806293/1508073582419247224","6"
"𑀁・swarm・124","[・Subnets 3・]","1385341501130801172","https://discord.com/channels/799672011265015819/1385341501130801172","1508073577100869654","https://discord.com/channels/799672011265015819/1385341501130801172/1508073577100869654","6"
"𑀂・flyspeck・125","[・Subnets 3・]","1386721054906646549","https://discord.com/channels/799672011265015819/1386721054906646549","1508073572000858112","https://discord.com/channels/799672011265015819/1386721054906646549/1508073572000858112","6"
"𑀃・poker44・126","[・Subnets 3・]","1386721120652361800","https://discord.com/channels/799672011265015819/1386721120652361800","1508073567462490253","https://discord.com/channels/799672011265015819/1386721120652361800/1508073567462490253","6"
"𑀅・asτrid・127","[・Subnets 3・]","1387151679266230323","https://discord.com/channels/799672011265015819/1387151679266230323","1508073563079577781","https://discord.com/channels/799672011265015819/1387151679266230323/1508073563079577781","6"
"න・byteleap・128","[・Subnets 3・]","1387438124132733110","https://discord.com/channels/799672011265015819/1387438124132733110","1508073533232644206","https://discord.com/channels/799672011265015819/1387438124132733110/1508073533232644206","6"
